{"cameraMode":{"drawMode":0,"name":"Shaded","section":"Shading Mode"},"sceneLighting":false,"audioPlay":false,"sceneViewState":{"m_AlwaysRefresh":false,"showFog":true,"showSkybox":false,"showFlares":true,"showImageEffects":true,"showParticleSystems":true,"showVisualEffectGraphs":true,"m_FxEnabled":true},"in2DMode":false,"pivot":{"x":-0.254705548286438,"y":11.652030944824219,"z":26.71766471862793},"rotation":{"x":0.5459163188934326,"y":-0.006283652503043413,"z":0.004094475414603949,"w":0.8378076553344727},"size":82.76395416259766,"orthographic":true}