{"cameraMode":{"drawMode":0,"name":"Shaded","section":"Shading Mode"},"sceneLighting":false,"audioPlay":false,"sceneViewState":{"m_AlwaysRefresh":false,"showFog":true,"showSkybox":false,"showFlares":true,"showImageEffects":true,"showParticleSystems":true,"showVisualEffectGraphs":true,"m_FxEnabled":true},"in2DMode":false,"pivot":{"x":0.06822165101766586,"y":0.1910746991634369,"z":-0.04228059947490692},"rotation":{"x":0.378213495016098,"y":-0.09417810291051865,"z":0.03871159628033638,"w":0.9201043248176575},"size":0.23965394496917725,"orthographic":true}