{"cameraMode":{"drawMode":0,"name":"Shaded","section":"Shading Mode"},"sceneLighting":false,"audioPlay":false,"sceneViewState":{"m_AlwaysRefresh":false,"showFog":true,"showSkybox":false,"showFlares":true,"showImageEffects":true,"showParticleSystems":true,"showVisualEffectGraphs":true,"m_FxEnabled":true},"in2DMode":false,"pivot":{"x":-1.2035826444625855,"y":9.467527389526368,"z":22.972122192382814},"rotation":{"x":0.5459163188934326,"y":-0.006283652503043413,"z":0.004094475414603949,"w":0.8378076553344727},"size":72.33320617675781,"orthographic":true}