{"cameraMode":{"drawMode":0,"name":"Shaded","section":"Shading Mode"},"sceneLighting":false,"audioPlay":false,"sceneViewState":{"m_AlwaysRefresh":false,"showFog":true,"showSkybox":false,"showFlares":true,"showImageEffects":true,"showParticleSystems":true,"showVisualEffectGraphs":true,"m_FxEnabled":true},"in2DMode":false,"pivot":{"x":0.017746806144714357,"y":0.24762049317359925,"z":-0.03919951617717743},"rotation":{"x":0.378213495016098,"y":-0.09417810291051865,"z":0.03871159628033638,"w":0.9201043248176575},"size":0.3079558312892914,"orthographic":true}