{"cameraMode":{"drawMode":0,"name":"Shaded","section":"Shading Mode"},"sceneLighting":false,"audioPlay":false,"sceneViewState":{"m_AlwaysRefresh":false,"showFog":true,"showSkybox":false,"showFlares":true,"showImageEffects":true,"showParticleSystems":true,"showVisualEffectGraphs":true,"m_FxEnabled":true},"in2DMode":false,"pivot":{"x":0.1872391700744629,"y":2.432380437850952,"z":-0.054102420806884769},"rotation":{"x":0.378213495016098,"y":-0.09417810291051865,"z":0.03871159628033638,"w":0.9201043248176575},"size":5.280971527099609,"orthographic":true}