{"cameraMode":{"drawMode":0,"name":"Shaded","section":"Shading Mode"},"sceneLighting":false,"audioPlay":false,"sceneViewState":{"m_AlwaysRefresh":false,"showFog":true,"showSkybox":false,"showFlares":true,"showImageEffects":true,"showParticleSystems":true,"showVisualEffectGraphs":true,"m_FxEnabled":true},"in2DMode":false,"pivot":{"x":3.6889290809631349,"y":0.6168098449707031,"z":1.8685150146484376},"rotation":{"x":0.4090263843536377,"y":-0.020529020577669145,"z":0.009204567410051823,"w":0.9122468829154968},"size":44.466392517089847,"orthographic":true}