{"cameraMode":{"drawMode":0,"name":"Shaded","section":"Shading Mode"},"sceneLighting":false,"audioPlay":false,"sceneViewState":{"m_AlwaysRefresh":false,"showFog":true,"showSkybox":false,"showFlares":true,"showImageEffects":true,"showParticleSystems":true,"showVisualEffectGraphs":true,"m_FxEnabled":true},"in2DMode":false,"pivot":{"x":0.19402039051055909,"y":5.335144519805908,"z":0.3984394073486328},"rotation":{"x":0.0038576500955969097,"y":-0.5154186487197876,"z":0.0023171817883849146,"w":0.856930136680603},"size":5.638400077819824,"orthographic":true}