{"cameraMode":{"drawMode":0,"name":"Shaded","section":"Shading Mode"},"sceneLighting":false,"audioPlay":false,"sceneViewState":{"m_AlwaysRefresh":false,"showFog":true,"showSkybox":false,"showFlares":true,"showImageEffects":true,"showParticleSystems":true,"showVisualEffectGraphs":true,"m_FxEnabled":true},"in2DMode":false,"pivot":{"x":-0.0465884804725647,"y":4.351501941680908,"z":-0.5937972068786621},"rotation":{"x":0.0038576500955969097,"y":-0.5154186487197876,"z":0.0023171817883849146,"w":0.856930136680603},"size":4.704208850860596,"orthographic":true}