{"cameraMode":{"drawMode":0,"name":"Shaded","section":"Shading Mode"},"sceneLighting":false,"audioPlay":false,"sceneViewState":{"m_AlwaysRefresh":false,"showFog":true,"showSkybox":false,"showFlares":true,"showImageEffects":true,"showParticleSystems":true,"showVisualEffectGraphs":true,"m_FxEnabled":true},"in2DMode":false,"pivot":{"x":-2.3652424812316896,"y":6.250679016113281,"z":15.198681831359864},"rotation":{"x":0.028738394379615785,"y":-0.4089275598526001,"z":0.01288521196693182,"w":0.9120259284973145},"size":67.95602416992188,"orthographic":true}